<?xml version='1.0' encoding='ISO-8859-1'  ?>
<!DOCTYPE toc
  PUBLIC "-//Sun Microsystems Inc.//DTD JavaHelp TOC Version 2.0//EN"
         "../dtd/toc_2_0.dtd">
<toc version="2.0">
<tocitem text="Voice Launch" image="toplevelfolder">

   <tocitem text="Welcome" target="home"/>
      <tocitem text="Contacting the Author" target="contact"/>
      <tocitem text="Frequently Asked Questions" target="faq"/>
      <tocitem text="Installation Guide" target="install"/>
      <tocitem text="Introduction" target="intro"/>
      <tocitem text="Lauching an Application via Voice" target="launching"/>
      <tocitem text="Maintaining the Library" target="library"/>
      <tocitem text="Menu Items" target="menu"/>   
      <tocitem text="User Options" target="options"/>   
      <tocitem text="Inserting a New Application" target="recording"/>   
      <tocitem text="System Requirements" target="sysreq"/>   
   <tocitem text="Troubleshooting" target="trouble"/>
</tocitem>
</toc>
