<?xml version='1.0' encoding='ISO-8859-1'  ?>
<!DOCTYPE index
  PUBLIC "-//Sun Microsystems Inc.//DTD JavaHelp Index Version 1.0//EN"
         "http://java.sun.com/products/javahelp/index_1_0.dtd">

<index version="1.0">

   <indexitem text="Welcome" target="home"/>
   <indexitem text="Contacting the Author" target="contact"/>
   <indexitem text="Frequently Asked Questions" target="faq"/>
   <indexitem text="Installation Guide" target="install"/>
   <indexitem text="Introduction" target="intro"/>
   <indexitem text="Lauching an Application via Voice" target="launching"/>
   <indexitem text="Maintaining the Library" target="library"/>
   <indexitem text="Menu Items" target="menu"/>   
   <indexitem text="User Options" target="options"/>   
   <indexitem text="Inserting a New Application" target="recording"/>   
   <indexitem text="System Requirements" target="sysreq"/>   
   <indexitem text="Troubleshooting" target="trouble"/>
   
</index>

